{
  "cube": {
    "name": "cube",
    "offset": 0,
    "end": 24,
    "numVertices": 96,
    "vertices": [-0.8999999999999999, -0.2, -0.2, -0.49999999999999994, -0.2, -0.2, -0.49999999999999994, -0.18, -0.2, -0.8999999999999999, -0.18, -0.2, -0.8999999999999999, 0.18, -0.2, -0.49999999999999994, 0.18, -0.2, -0.49999999999999994, 0.2, -0.2, -0.8999999999999999, 0.2, -0.2, -0.8999999999999999, -0.2, -0.2, -0.8799999999999999, -0.2, -0.2, -0.8799999999999999, 0.2, -0.2, -0.8999999999999999, 0.2, -0.2, -0.52, -0.2, -0.2, -0.49999999999999994, -0.2, -0.2, -0.49999999999999994, 0.2, -0.2, -0.52, 0.2, -0.2, -0.8999999999999999, -0.2, 0.2, -0.49999999999999994, -0.2, 0.2, -0.49999999999999994, -0.18, 0.2, -0.8999999999999999, -0.18, 0.2, -0.8999999999999999, 0.18, 0.2, -0.49999999999999994, 0.18, 0.2, -0.49999999999999994, 0.2, 0.2, -0.8999999999999999, 0.2, 0.2, -0.8999999999999999, -0.2, 0.2, -0.8799999999999999, -0.2, 0.2, -0.8799999999999999, 0.2, 0.2, -0.8999999999999999, 0.2, 0.2, -0.52, -0.2, 0.2, -0.49999999999999994, -0.2, 0.2, -0.49999999999999994, 0.2, 0.2, -0.52, 0.2, 0.2, -0.8999999999999999, -0.2, 0.2, -0.8799999999999999, -0.2, 0.2, -0.8799999999999999, -0.2, -0.2, -0.8999999999999999, -0.2, -0.2, -0.52, -0.2, 0.2, -0.49999999999999994, -0.2, 0.2, -0.49999999999999994, -0.2, -0.2, -0.52, -0.2, -0.2, -0.8999999999999999, -0.2, 0.2, -0.49999999999999994, -0.2, 0.2, -0.49999999999999994, -0.2, 0.18, -0.8999999999999999, -0.2, 0.18, -0.8999999999999999, -0.2, -0.2, -0.49999999999999994, -0.2, -0.2, -0.49999999999999994, -0.2, -0.18, -0.8999999999999999, -0.2, -0.18, -0.8999999999999999, 0.2, 0.2, -0.8799999999999999, 0.2, 0.2, -0.8799999999999999, 0.2, -0.2, -0.8999999999999999, 0.2, -0.2, -0.52, 0.2, 0.2, -0.49999999999999994, 0.2, 0.2, -0.49999999999999994, 0.2, -0.2, -0.52, 0.2, -0.2, -0.8999999999999999, 0.2, 0.2, -0.49999999999999994, 0.2, 0.2, -0.49999999999999994, 0.2, 0.18, -0.8999999999999999, 0.2, 0.18, -0.8999999999999999, 0.2, -0.2, -0.49999999999999994, 0.2, -0.2, -0.49999999999999994, 0.2, -0.18, -0.8999999999999999, 0.2, -0.18, -0.8999999999999999, -0.2, 0.2, -0.8999999999999999, -0.2, 0.18, -0.8999999999999999, 0.2, 0.18, -0.8999999999999999, 0.2, 0.2, -0.8999999999999999, -0.2, -0.2, -0.8999999999999999, -0.2, -0.18, -0.8999999999999999, 0.2, -0.18, -0.8999999999999999, 0.2, -0.2, -0.8999999999999999, -0.2, 0.2, -0.8999999999999999, -0.2, -0.2, -0.8999999999999999, -0.18, -0.2, -0.8999999999999999, -0.18, 0.2, -0.8999999999999999, 0.2, 0.2, -0.8999999999999999, 0.18, 0.2, -0.8999999999999999, 0.18, -0.2, -0.8999999999999999, 0.2, -0.2, -0.49999999999999994, -0.2, 0.2, -0.49999999999999994, -0.2, 0.18, -0.49999999999999994, 0.2, 0.18, -0.49999999999999994, 0.2, 0.2, -0.49999999999999994, -0.2, -0.2, -0.49999999999999994, -0.2, -0.18, -0.49999999999999994, 0.2, -0.18, -0.49999999999999994, 0.2, -0.2, -0.49999999999999994, -0.2, 0.2, -0.49999999999999994, -0.2, -0.2, -0.49999999999999994, -0.18, -0.2, -0.49999999999999994, -0.18, 0.2, -0.49999999999999994, 0.2, 0.2, -0.49999999999999994, 0.18, 0.2, -0.49999999999999994, 0.18, -0.2, -0.49999999999999994, 0.2, -0.2],
    "color": [1, 0, 1, 1, 0, 1, 1, 0, 1, 1, 0, 1, 1, 0, 1, 1, 0, 1, 1, 0, 1, 1, 0, 1, 1, 0, 1, 1, 0, 1, 1, 0, 1, 1, 0, 1, 1, 0, 1, 1, 0, 1, 1, 0, 1, 1, 0, 1, 1, 0, 1, 1, 0, 1, 1, 0, 1, 1, 0, 1, 1, 0, 1, 1, 0, 1, 1, 0, 1, 1, 0, 1, 1, 0, 1, 1, 0, 1, 1, 0, 1, 1, 0, 1, 1, 0, 1, 1, 0, 1, 1, 0, 1, 1, 0, 1, 1, 0, 1, 1, 0, 1, 1, 0, 1, 1, 0, 1, 1, 0, 1, 1, 0, 1, 1, 0, 1, 1, 0, 1, 1, 0, 1, 1, 0, 1, 1, 0, 1, 1, 0, 1, 1, 0, 1, 1, 0, 1, 1, 0, 1, 1, 0, 1, 1, 0, 1, 1, 0, 1, 1, 0, 1, 1, 0, 1, 1, 0, 1, 1, 0, 1, 1, 0, 1, 1, 0, 1, 1, 0, 1, 1, 0, 1, 1, 0, 1, 1, 0, 1, 1, 0, 1, 1, 0, 1, 1, 0, 1, 1, 0, 1, 1, 0, 1, 1, 0, 1, 1, 0, 1, 1, 0, 1, 1, 0, 1, 1, 0, 1, 1, 0, 1, 1, 0, 1, 1, 0, 1, 1, 0, 1, 1, 0, 1, 1, 0, 1, 1, 0, 1, 1, 0, 1, 1, 0, 1, 1, 0, 1, 1, 0, 1, 1, 0, 1, 1, 0, 1, 1, 0, 1, 1, 0, 1, 1, 0, 1, 1, 0, 1, 1, 0, 1, 1, 0, 1, 1, 0, 1, 1, 0, 1, 1, 0, 1, 1, 0, 1, 1, 0, 1, 1, 0, 1, 1, 0, 1],
    "normals": [0, 0, 0, 0, 0, 0, 0, 0, 0, 0, 0, 0, 0, 0, 0, 0],
    "modelMatrix": [1, 0, 0, 0, 0, 1, 0, 0, 0, 0, 1, 0, 0, 0, 0, 1],
    "oldRotateX": 0,
    "oldRotateY": 0,
    "oldRotateZ": 0
  },
  "pyramid": {
    "name": "pyramid",
    "offset": 24,
    "end": 40,
    "numVertices": 64,
    "vertices": [-0.2, 0.3, 0.2, -0.18, 0.3, 0.2, -0.18, 0.3, -0.2, -0.2, 0.3, -0.2, 0.18, 0.3, 0.2, 0.2, 0.3, 0.2, 0.2, 0.3, -0.2, 0.18, 0.3, -0.2, -0.2, 0.3, 0.2, 0.2, 0.3, 0.2, 0.2, 0.3, 0.18, -0.2, 0.3, 0.18, -0.2, 0.3, -0.2, 0.2, 0.3, -0.2, 0.2, 0.3, -0.18, -0.2, 0.3, -0.18, 0.2, 0.3, 0.2, 0.2, 0.3, 0.18, 0, 0.7, -0.01, 0, 0.7, 0.01, 0.2, 0.3, -0.2, 0.2, 0.3, -0.18, 0, 0.7, 0.01, 0, 0.7, -0.01, 0.2, 0.3, 0.2, 0.2, 0.3, -0.2, 0.18, 0.32, -0.18, 0.18, 0.32, 0.18, -0.2, 0.3, 0.2, 0.2, 0.3, 0.2, 0.18, 0.32, 0.18, -0.18, 0.32, 0.18, -0.2, 0.3, 0.2, -0.18, 0.3, 0.2, 0.02, 0.7, 0.02, 0, 0.7, 0.02, 0.18, 0.3, 0.2, 0.2, 0.3, 0.2, 0.02, 0.7, 0.02, 0, 0.7, 0.02, -0.2, 0.3, 0.2, -0.2, 0.3, 0.18, 0, 0.7, -0.01, 0, 0.7, 0.01, -0.2, 0.3, -0.2, -0.2, 0.3, -0.18, 0, 0.7, 0.01, 0, 0.7, -0.01, -0.2, 0.3, 0.2, -0.2, 0.3, -0.2, -0.18, 0.32, -0.18, -0.18, 0.32, 0.18, -0.2, 0.3, -0.2, 0.2, 0.3, -0.2, 0.18, 0.32, -0.18, -0.18, 0.32, -0.18, -0.2, 0.3, -0.2, -0.18, 0.3, -0.2, 0.02, 0.7, 0.02, 0, 0.7, 0.02, 0.18, 0.3, -0.2, 0.2, 0.3, -0.2, 0.02, 0.7, 0.02, 0, 0.7, 0.02],
    "color": [1, 0, 0, 1, 0, 0, 1, 0, 0, 1, 0, 0, 1, 0, 0, 1, 0, 0, 1, 0, 0, 1, 0, 0, 1, 0, 0, 1, 0, 0, 1, 0, 0, 1, 0, 0, 1, 0, 0, 1, 0, 0, 1, 0, 0, 1, 0, 0, 1, 0, 0, 1, 0, 0, 1, 0, 0, 1, 0, 0, 1, 0, 0, 1, 0, 0, 1, 0, 0, 1, 0, 0, 1, 0, 0, 1, 0, 0, 1, 0, 0, 1, 0, 0, 1, 0, 0, 1, 0, 0, 1, 0, 0, 1, 0, 0, 1, 0, 0, 1, 0, 0, 1, 0, 0, 1, 0, 0, 1, 0, 0, 1, 0, 0, 1, 0, 0, 1, 0, 0, 1, 0, 0, 1, 0, 0, 1, 0, 0, 1, 0, 0, 1, 0, 0, 1, 0, 0, 1, 0, 0, 1, 0, 0, 1, 0, 0, 1, 0, 0, 1, 0, 0, 1, 0, 0, 1, 0, 0, 1, 0, 0, 1, 0, 0, 1, 0, 0, 1, 0, 0, 1, 0, 0, 1, 0, 0, 1, 0, 0, 1, 0, 0, 1, 0, 0, 1, 0, 0, 1, 0, 0],
    "normals": [0, 0, 0, 0, 0, 0, 0, 0, 0, 0, 0, 0, 0, 0, 0, 0],
    "modelMatrix": [1, 0, 0, 0, 0, 1, 0, 0, 0, 0, 1, 0, 0, 0, 0, 1],
    "oldRotateX": 0,
    "oldRotateY": 0,
    "oldRotateZ": 0
  },
  "prism": {
    "name": "prism",
    "offset": 40,
    "end": 60,
    "numVertices": 80,